1497980701849764096,-0.03553,0.01301,-0.10946,0.96735,-0.24799,0.01516,-0.05001,-0.00244,-0.05317,-0.13156,
1497980701949298944,0.00005,-0.01410,-0.02769,0.97141,-0.22915,0.02290,-0.05763,0.02345,-0.07255,-0.06395,
1497980702048850176,0.00087,-0.01857,-0.04246,0.97338,-0.21848,0.02520,-0.06456,0.02664,-0.08362,-0.06561,
1497980702148401408,-0.00719,-0.01252,-0.06795,0.97353,-0.21734,0.02584,-0.06578,0.02289,-0.06963,-0.07309,
1497980702247975936,-0.01671,-0.00752,-0.08245,0.97278,-0.22108,0.02448,-0.06496,0.01118,-0.06586,-0.07052,
1497980702347561728,-0.02105,-0.01159,-0.08778,0.97074,-0.23101,0.02462,-0.06069,0.00515,-0.06756,-0.05277,
1497980702447123712,-0.02187,-0.02050,-0.09893,0.96838,-0.24117,0.03058,-0.05601,0.00668,-0.06681,-0.03039,
1497980702546678016,-0.02134,-0.02915,-0.10225,0.96211,-0.26478,0.03776,-0.05304,0.01742,-0.06060,0.02738,
1497980702646221568,-0.01976,-0.03883,-0.10046,0.95121,-0.30175,0.04287,-0.04810,0.04091,-0.07334,0.07455,
1497980702745767680,-0.01178,-0.04693,-0.08944,0.93876,-0.33880,0.04977,-0.03828,0.07419,-0.06860,0.07727,
1497980702845305600,-0.00360,-0.04754,-0.07360,0.92880,-0.36657,0.05012,-0.02101,0.10339,-0.02933,0.03666,
1497980702944847104,0.00815,-0.04023,-0.06501,0.92205,-0.38531,0.03594,0.00837,0.11964,0.02883,-0.00624,
1497980703044395264,0.02011,-0.03530,-0.06260,0.91787,-0.39366,0.01369,0.04855,0.11918,0.07079,-0.04452,
1497980703143922176,0.03529,-0.03303,-0.06426,0.91327,-0.39480,-0.00768,0.10003,0.12866,0.10846,-0.04817,
1497980703243431680,0.04711,-0.01687,-0.07626,0.90542,-0.39584,-0.01971,0.15210,0.11146,0.16372,-0.04652,
1497980703342941184,0.05421,0.01513,-0.07757,0.89515,-0.39885,-0.03554,0.19585,0.07512,0.20557,-0.02418,
1497980703442474240,0.06442,0.03566,-0.07980,0.88325,-0.40337,-0.05193,0.23338,0.08614,0.23067,0.03345,
1497980703542001152,0.08658,0.03937,-0.07780,0.86489,-0.41594,-0.06957,0.27224,0.15501,0.19041,0.07075,
1497980703641509376,0.10329,0.05843,-0.07259,0.84710,-0.42652,-0.08403,0.30567,0.20699,0.15464,0.09805,
1497980703741035008,0.13059,0.07448,-0.06881,0.83222,-0.43987,-0.08806,0.32583,0.25414,0.11714,0.10387,
1497980703840550912,0.16123,0.09253,-0.06187,0.82164,-0.45478,-0.08121,0.33390,0.28218,0.11680,0.12707,
1497980703940071168,0.19869,0.11983,-0.05774,0.81133,-0.46962,-0.08172,0.33842,0.33937,0.12423,0.13105,
1497980704039619328,0.23697,0.13189,-0.04664,0.80323,-0.47980,-0.08929,0.34152,0.43350,0.13111,0.13200,
1497980704139161600,0.26925,0.08552,-0.02542,0.79833,-0.47903,-0.10341,0.35001,0.52835,0.05581,0.11723,
1497980704238681856,0.32618,0.09980,-0.00892,0.79656,-0.46772,-0.12114,0.36339,0.62222,0.06917,0.07188,
1497980704338217984,0.38770,0.10664,-0.00282,0.80072,-0.43948,-0.14222,0.38143,0.67697,0.07760,0.02807,
1497980704437779456,0.44174,0.14015,-0.00622,0.80654,-0.40377,-0.16166,0.40041,0.70844,0.10605,0.01581,
1497980704537348352,0.48916,0.20858,-0.02040,0.81320,-0.35663,-0.18793,0.41976,0.71910,0.19057,-0.00299,
1497980704636903424,0.53217,0.25585,-0.03280,0.81671,-0.30317,-0.21684,0.44052,0.70594,0.22470,-0.02097,
1497980704736454400,0.53071,0.29885,-0.05127,0.81421,-0.25746,-0.23941,0.46202,0.62314,0.23681,-0.03509,
1497980704835981568,0.51540,0.32023,-0.07051,0.80470,-0.22130,-0.25736,0.48708,0.52156,0.21185,-0.03616,
1497980704935496192,0.42827,0.32839,-0.09706,0.79012,-0.18953,-0.28180,0.51027,0.32729,0.18483,-0.05450,
1497980705035019776,0.31551,0.32138,-0.11538,0.77373,-0.15784,-0.31072,0.52904,0.09949,0.16090,-0.06850,
1497980705134545920,0.30024,0.34228,-0.11355,0.75719,-0.12598,-0.33432,0.54682,0.05126,0.16839,-0.05441,
1497980705234074368,0.29352,0.36841,-0.11023,0.73945,-0.09657,-0.35497,0.56382,0.01421,0.18047,-0.04411,
1497980705333596928,0.28655,0.39142,-0.10605,0.72199,-0.07464,-0.36698,0.58180,-0.00995,0.17433,-0.01837,
1497980705433102592,0.28388,0.41683,-0.10609,0.70580,-0.06837,-0.36992,0.60027,-0.04125,0.17721,0.01414,
1497980705532617216,0.26616,0.42638,-0.09574,0.68523,-0.05930,-0.37982,0.61861,-0.07932,0.16041,0.03637,
1497980705632138496,0.28097,0.43646,-0.10541,0.66366,-0.03626,-0.39238,0.63583,-0.06091,0.13279,0.00696,
1497980705731662848,0.28582,0.44426,-0.10728,0.64870,-0.01521,-0.39341,0.65129,-0.05145,0.05856,-0.00764,
1497980705831195648,0.30060,0.46815,-0.11372,0.64352,-0.02245,-0.38509,0.66112,-0.00713,-0.02146,-0.00621,
1497980705930735616,0.27634,0.47851,-0.09245,0.64762,-0.05087,-0.37370,0.66208,-0.03903,-0.13507,0.05606,
1497980706030265600,0.28787,0.48483,-0.09811,0.65963,-0.09913,-0.36024,0.65215,-0.02571,-0.23300,0.08492,
1497980706129799168,0.28744,0.45735,-0.09284,0.67782,-0.16329,-0.33987,0.63118,-0.04644,-0.33144,0.11653,
1497980706229348864,0.28204,0.42300,-0.08261,0.69881,-0.23073,-0.30981,0.60204,-0.09038,-0.37924,0.13256,
1497980706328883200,0.27349,0.38574,-0.07204,0.72058,-0.28902,-0.27911,0.56509,-0.13436,-0.41285,0.13427,
1497980706428417024,0.26052,0.34668,-0.06302,0.74445,-0.33603,-0.24490,0.52240,-0.18656,-0.43340,0.10778,
1497980706527944448,0.24049,0.30445,-0.05367,0.77018,-0.36904,-0.20513,0.47806,-0.24031,-0.43435,0.06059,
1497980706627485952,0.21430,0.25949,-0.04430,0.79509,-0.39079,-0.16632,0.43296,-0.28556,-0.40707,0.02091,
1497980706727013888,0.20861,0.22493,-0.04590,0.81718,-0.40171,-0.13182,0.39176,-0.24930,-0.31821,-0.01645,
1497980706826548480,0.21524,0.19138,-0.05385,0.83478,-0.40191,-0.10718,0.36074,-0.13710,-0.20894,-0.04525,
1497980706926075392,0.23036,0.16935,-0.06665,0.84483,-0.39453,-0.10025,0.34722,0.02714,-0.07440,-0.06136,
1497980707025606912,0.23036,0.17990,-0.06290,0.84391,-0.38467,-0.11159,0.35693,0.16790,0.11561,-0.06090,
1497980707125155328,0.24856,0.20076,-0.06945,0.83303,-0.36616,-0.13630,0.39167,0.29114,0.31848,-0.09042,
1497980707224689408,0.27214,0.24617,-0.07518,0.81136,-0.33630,-0.17007,0.44685,0.35341,0.54902,-0.10797,
1497980707324231680,0.30277,0.31696,-0.08190,0.77577,-0.29672,-0.20677,0.51709,0.35911,0.77051,-0.11270,
1497980707423771648,0.33307,0.40423,-0.08937,0.72853,-0.25521,-0.23853,0.58925,0.28875,0.93509,-0.08726,
1497980707523341568,0.34593,0.50582,-0.09706,0.67820,-0.21449,-0.26220,0.65214,0.18873,1.03369,-0.05743,
1497980707622908160,0.34450,0.61758,-0.09888,0.62575,-0.18482,-0.28168,0.70351,0.10046,1.10996,-0.01803,
1497980707722473216,0.34376,0.73487,-0.09637,0.57235,-0.16838,-0.29964,0.74450,0.02647,1.19294,-0.00455,
1497980707822041344,0.34206,0.85344,-0.09751,0.52400,-0.15429,-0.31445,0.77637,-0.03936,1.21482,-0.02259,
1497980707921616896,0.33302,0.97500,-0.09812,0.47572,-0.13351,-0.32834,0.80502,-0.11977,1.18074,-0.02256,
1497980708021188608,0.31424,1.09261,-0.09879,0.41870,-0.09869,-0.33931,0.83655,-0.20120,1.11135,-0.00641,
1497980708120765696,0.29489,1.19512,-0.09985,0.35730,-0.06707,-0.34779,0.86422,-0.21089,1.00495,-0.00307,
1497980708220310016,0.27138,1.28986,-0.10173,0.29293,-0.04385,-0.35598,0.88631,-0.20823,0.88422,-0.02562,
1497980708319848704,0.24530,1.37069,-0.10907,0.23381,-0.01713,-0.35462,0.90514,-0.18139,0.81640,-0.07257,
1497980708419404288,0.23247,1.45459,-0.11645,0.18191,0.01486,-0.34399,0.92106,-0.10524,0.81813,-0.10148,
1497980708518955008,0.22354,1.53557,-0.12646,0.13694,0.03965,-0.33971,0.92966,-0.02784,0.83800,-0.08615,
1497980708618526208,0.22790,1.62080,-0.13104,0.09970,0.05804,-0.34165,0.93272,0.04040,0.88937,-0.01804,
1497980708718093056,0.21995,1.70457,-0.13061,0.06431,0.07209,-0.34225,0.93463,0.02263,0.86807,0.05624,
1497980708817671424,0.21156,1.78899,-0.12529,0.03379,0.09041,-0.33703,0.93653,-0.04157,0.80209,0.04761,
1497980708917242624,0.24397,1.88337,-0.11781,0.00647,0.10256,-0.32839,0.93894,0.03438,0.75531,0.06378,
1497980709016808704,0.25217,1.96094,-0.11237,-0.00891,0.10408,-0.32604,0.93957,0.06658,0.78571,0.00381,
1497980709116392704,0.26447,2.04309,-0.11363,-0.01880,0.11039,-0.32582,0.93878,0.09757,0.84639,-0.04798,
1497980709215964672,0.28035,2.13661,-0.11840,-0.02136,0.10817,-0.32688,0.93861,0.13151,0.98542,-0.07116,
1497980709315539456,0.29656,2.24094,-0.12401,-0.01418,0.10103,-0.32858,0.93895,0.17803,1.08160,-0.03781,
1497980709415124224,0.31793,2.35093,-0.12379,0.00236,0.08629,-0.33323,0.93889,0.24437,1.09507,0.05435,
1497980709514705920,0.34325,2.45550,-0.11541,0.02671,0.06551,-0.32302,0.94374,0.25793,1.02133,0.08646,
1497980709614306816,0.36776,2.55073,-0.10720,0.04713,0.05457,-0.32128,0.94423,0.22001,0.90309,0.06827,
1497980709713888768,0.38863,2.63843,-0.10402,0.06376,0.05081,-0.32598,0.94186,0.17452,0.90417,0.00093,
1497980709813475328,0.40306,2.72965,-0.10627,0.06863,0.04762,-0.32439,0.94223,0.12191,0.93953,-0.04201,
1497980709913054208,0.53275,2.76605,-0.12642,0.06214,0.05014,-0.32227,0.94328,0.18835,0.98565,-0.06109,
1497980710012609792,0.52486,2.85257,-0.12199,0.04494,0.05828,-0.32994,0.94113,0.15328,1.04716,-0.00522,
1497980710112177408,0.52019,2.92354,-0.10753,0.02389,0.06006,-0.34270,0.93722,0.09484,0.99303,0.08550,
1497980710211751424,0.49619,2.93992,-0.08579,0.00248,0.06351,-0.34500,0.93645,0.01108,0.89221,0.11286,
1497980710311326464,0.47405,2.94913,-0.07401,-0.02252,0.07245,-0.33709,0.93841,-0.02242,0.70618,0.11548,
1497980710410898432,0.45162,2.91858,-0.06060,-0.03403,0.06951,-0.33603,0.93867,-0.01292,0.61033,0.05862,
1497980710510475776,0.45066,2.98310,-0.06740,-0.03709,0.07087,-0.33910,0.93734,-0.00420,0.60800,-0.00088,
1497980710610059776,0.44798,3.05207,-0.07355,-0.02993,0.07157,-0.34175,0.93658,0.01291,0.62874,-0.02343,
1497980710709670912,0.45212,3.12505,-0.07709,-0.01433,0.06129,-0.34673,0.93585,0.03467,0.61874,0.01602,
1497980710809267200,0.46346,3.20789,-0.06438,0.00676,0.05474,-0.34306,0.93769,0.06044,0.53991,0.08270,
1497980710908851456,0.47072,3.23223,-0.06580,0.03046,0.05593,-0.34471,0.93655,0.10338,0.43444,0.06968,
1497980711008459264,0.48525,3.25899,-0.06254,0.04975,0.05507,-0.34562,0.93544,0.11989,0.32111,0.04415,
1497980711108066816,0.50109,3.30156,-0.06001,0.05903,0.05641,-0.35231,0.93232,0.12327,0.27570,0.02008,
1497980711207659776,0.51682,3.26393,-0.06966,0.06090,0.05431,-0.35213,0.93239,0.13193,0.14775,-0.00466,
1497980711307234560,0.52916,3.27529,-0.07103,0.05874,0.05189,-0.34636,0.93482,0.11501,0.10750,-0.01670,
1497980711406815488,0.54018,3.28052,-0.07440,0.05674,0.05445,-0.34172,0.93651,0.09919,0.05671,-0.01707,
1497980711506394368,0.54726,3.31075,-0.07806,0.05422,0.05500,-0.33995,0.93727,0.07957,0.04640,-0.00667,
1497980711605957376,0.55183,3.31349,-0.08019,0.05330,0.05327,-0.33912,0.93772,0.06268,0.02976,-0.00263,
1497980711705539328,0.55608,3.31809,-0.08201,0.05210,0.05349,-0.33789,0.93822,0.04550,0.02649,-0.00769,
1497980711805153536,0.55798,3.32175,-0.08243,0.05146,0.05269,-0.33603,0.93897,0.02764,0.01997,-0.01126,
1497980711904771584,0.55904,3.32396,-0.08281,0.05080,0.05255,-0.33430,0.93963,0.01529,0.01537,-0.01136,
1497980712004401152,0.55969,3.32641,-0.08408,0.05066,0.05315,-0.33265,0.94019,0.00809,0.01344,-0.01055,
1497980712104020224,0.54829,3.34418,-0.07815,0.04944,0.05472,-0.33216,0.94034,-0.00511,0.01888,0.00321,
1497980712203641344,0.56000,3.32974,-0.09379,0.05078,0.05317,-0.32900,0.94146,0.00346,0.01115,-0.01259,
1497980712303281664,0.56002,3.33145,-0.09557,0.05093,0.05270,-0.32876,0.94156,0.00349,0.01333,-0.00930,
1497980712402905344,0.56024,3.33290,-0.09691,0.05091,0.05221,-0.32819,0.94179,0.00178,0.01288,-0.00847,
1497980712502521600,0.56055,3.33385,-0.09785,0.05108,0.05228,-0.32839,0.94171,-0.00147,0.01046,-0.00631,
1497980712602121472,0.56034,3.33469,-0.09838,0.05149,0.05224,-0.32907,0.94145,-0.00612,0.01142,-0.00255,
1497980712701721600,0.56000,3.33588,-0.09801,0.05124,0.05195,-0.32998,0.94116,-0.00843,0.01424,0.00035,
1497980712801301504,0.55953,3.33662,-0.09736,0.05088,0.05209,-0.33005,0.94115,-0.01050,0.01336,0.00242,
1497980712900895744,0.55862,3.33740,-0.09675,0.05038,0.05161,-0.33093,0.94089,-0.01265,0.01054,0.00256,
1497980713000480512,0.55781,3.33756,-0.09630,0.05007,0.05145,-0.33135,0.94077,-0.01311,0.01036,-0.00094,
1497980713100071168,0.55715,3.33799,-0.09569,0.04958,0.05119,-0.33143,0.94079,-0.01316,0.00767,0.00047,
1497980713199669248,0.55623,3.33753,-0.09571,0.04957,0.05116,-0.33136,0.94081,-0.01338,0.00882,-0.00456,
1497980713299253760,0.55575,3.33705,-0.09586,0.04981,0.05131,-0.33058,0.94106,-0.01251,0.00865,-0.00612,
1497980713398830848,0.55539,3.33617,-0.09607,0.05019,0.05143,-0.32974,0.94133,-0.01007,0.00792,-0.00324,
1497980713498417920,0.55490,3.33549,-0.09623,0.05048,0.05098,-0.32951,0.94142,-0.00848,0.00839,0.00198,
1497980713597986304,0.55473,3.33402,-0.09632,0.05125,0.05047,-0.33000,0.94124,-0.00642,0.00859,-0.00023,
1497980713697562624,0.55512,3.33304,-0.09609,0.05217,0.05067,-0.32996,0.94119,-0.00717,0.00764,-0.00090,
1497980713797155072,0.55511,3.33218,-0.09611,0.05263,0.05024,-0.32999,0.94118,-0.00856,0.01086,-0.00298,
1497980713896721664,0.55544,3.33145,-0.09590,0.05282,0.05004,-0.32930,0.94142,-0.00845,0.01440,-0.00585,
1497980713996320512,0.55611,3.33163,-0.09580,0.05295,0.04984,-0.32916,0.94147,-0.00834,0.01244,-0.00046,
1497980714095946496,0.55619,3.33041,-0.09579,0.05285,0.04951,-0.32988,0.94124,-0.00661,0.01286,0.00382,
1497980714195570432,0.55666,3.32946,-0.09521,0.05311,0.04918,-0.33110,0.94081,-0.00363,0.01607,0.00426,
1497980714295185152,0.55736,3.32874,-0.09434,0.05341,0.04916,-0.33127,0.94074,-0.00419,0.01852,-0.00158,
1497980714394773248,0.55794,3.32874,-0.09398,0.05382,0.04837,-0.33050,0.94103,-0.00425,0.01570,-0.00536,
1497980714494381568,0.55867,3.32796,-0.09470,0.05445,0.04792,-0.33033,0.94107,-0.00493,0.01462,-0.00770,
1497980714593984000,0.55938,3.32648,-0.09551,0.05501,0.04755,-0.33003,0.94117,-0.00781,0.01936,-0.00913,
1497980714693573632,0.55993,3.32562,-0.09562,0.05554,0.04763,-0.32882,0.94155,-0.00832,0.02316,-0.00985,
1497980714793168128,0.56047,3.32618,-0.09607,0.05543,0.04759,-0.32801,0.94185,-0.01144,0.02194,-0.00642,
1497980714892771584,0.56011,3.32546,-0.09689,0.05543,0.04747,-0.32806,0.94183,-0.01206,0.02553,-0.00388,
1497980714992348416,0.56025,3.32552,-0.09677,0.05548,0.04740,-0.32780,0.94192,-0.01123,0.02950,-0.00472,
1497980715091930880,0.56013,3.32593,-0.09697,0.05586,0.04710,-0.32671,0.94230,-0.01212,0.02725,-0.00700,
1497980715191550720,0.56001,3.32559,-0.09763,0.05584,0.04667,-0.32573,0.94266,-0.01058,0.02627,-0.00915,
1497980715291176704,0.54906,3.31889,-0.09258,0.05416,0.04768,-0.32561,0.94275,-0.00263,0.00664,0.00029,
1497980715390791680,0.55587,3.31921,-0.09222,0.05519,0.04626,-0.32513,0.94292,-0.00218,0.00424,0.00381,
1497980715490396928,0.55608,3.31885,-0.09121,0.05481,0.04571,-0.32574,0.94276,-0.00269,0.00633,0.00591,
1497980715590001664,0.55528,3.31998,-0.09105,0.05453,0.04603,-0.32610,0.94264,-0.00477,0.00980,0.00131,
1497980715689619200,0.55497,3.32083,-0.08984,0.05448,0.04684,-0.32514,0.94293,-0.00264,0.01209,-0.00025,
1497980715789240064,0.55508,3.32200,-0.08957,0.05438,0.04686,-0.32551,0.94281,0.00145,0.02159,-0.00111,
1497980715888835840,0.55561,3.32327,-0.08993,0.05397,0.04557,-0.32622,0.94265,0.00486,0.02313,0.00178,
1497980715988423424,0.55593,3.32418,-0.08922,0.05451,0.04531,-0.32616,0.94265,0.00686,0.02039,-0.00253,
1497980716087991808,0.55114,3.32898,-0.09456,0.05501,0.04530,-0.32506,0.94300,0.00507,0.03187,-0.01349,
1497980716187560448,0.55111,3.33162,-0.09627,0.05618,0.04532,-0.32366,0.94342,0.00373,0.03431,-0.01386,
1497980716287158528,0.55150,3.33391,-0.09747,0.05681,0.04484,-0.32271,0.94373,0.00225,0.03841,-0.00653,
1497980716386770432,0.55129,3.33630,-0.09807,0.05728,0.04433,-0.32294,0.94364,0.00120,0.03915,-0.00243,
1497980716486374656,0.55056,3.33915,-0.09807,0.05773,0.04405,-0.32329,0.94351,-0.00167,0.03930,-0.00504,
1497980716585959424,0.54983,3.34210,-0.09707,0.05786,0.04373,-0.32269,0.94372,-0.00320,0.03861,-0.00865,
1497980716685568512,0.55012,3.34404,-0.09576,0.05800,0.04347,-0.32140,0.94417,-0.00280,0.03688,-0.00950,
1497980716785154304,0.55001,3.34770,-0.09735,0.05807,0.04276,-0.32014,0.94462,-0.00116,0.03608,-0.00566,
1497980716884767232,0.55084,3.34971,-0.09818,0.05917,0.04212,-0.31990,0.94466,0.00213,0.03385,-0.00279,
1497980716984399104,0.54511,3.36837,-0.10244,0.05788,0.04312,-0.31970,0.94476,0.01049,0.03167,-0.00673,
1497980717084020736,0.55665,3.36806,-0.10247,0.05995,0.04003,-0.31943,0.94486,0.00839,0.02421,-0.00939,
1497980717183640832,0.55691,3.36992,-0.10287,0.06145,0.04001,-0.31911,0.94488,0.01248,0.02144,-0.00748,
1497980717283292416,0.55856,3.37078,-0.10332,0.06387,0.03963,-0.31893,0.94479,0.01932,0.02489,-0.00434,
1497980717382937088,0.56086,3.37035,-0.10294,0.06626,0.03845,-0.31935,0.94454,0.02145,0.01411,-0.00213,
1497980717482562048,0.56127,3.37127,-0.10266,0.06857,0.03800,-0.31944,0.94436,0.02627,0.01100,-0.00328,
1497980717582176512,0.56341,3.37156,-0.10312,0.07090,0.03728,-0.31856,0.94451,0.02221,0.00907,-0.00867,
1497980717681777152,0.56538,3.37145,-0.10403,0.07305,0.03693,-0.31775,0.94464,0.01700,0.00905,-0.00684,
1497980717781374464,0.56671,3.37121,-0.10453,0.07399,0.03651,-0.31760,0.94463,0.01080,0.00810,-0.00280,
1497980717880978688,0.56722,3.37109,-0.10448,0.07405,0.03642,-0.31749,0.94466,0.00622,0.00829,-0.00417,
1497980717980588544,0.56714,3.37144,-0.10417,0.07376,0.03625,-0.31724,0.94478,0.00315,0.00857,-0.00658,
1497980718080196864,0.56683,3.37170,-0.10472,0.07292,0.03626,-0.31634,0.94514,0.00108,0.00511,-0.00572,
1497980718179814400,0.55768,3.35003,-0.09516,0.07000,0.03656,-0.31648,0.94531,-0.00712,-0.00913,0.01099,
1497980718279437568,0.55396,3.35324,-0.09927,0.06807,0.03671,-0.31667,0.94538,-0.00906,0.00477,0.00744,
1497980718379028224,0.55267,3.35481,-0.10065,0.06710,0.03653,-0.31745,0.94519,-0.00893,0.00660,0.00947,
1497980718478612224,0.55141,3.35534,-0.10037,0.06638,0.03588,-0.31965,0.94453,-0.00267,0.00545,0.01026,
1497980718578177536,0.55135,3.35593,-0.09969,0.06607,0.03533,-0.32083,0.94417,0.00458,0.01056,0.00820,
1497980718677718272,0.55211,3.35679,-0.09908,0.06635,0.03413,-0.32280,0.94352,0.00965,0.01203,0.01620,
1497980718777254400,0.55355,3.35806,-0.09764,0.06730,0.03230,-0.32561,0.94255,0.01263,0.01338,0.02758,
1497980718876806400,0.55456,3.35925,-0.09488,0.06889,0.03117,-0.32911,0.94126,0.01000,0.00879,0.03637,
1497980718976361472,0.55539,3.35949,-0.09183,0.06958,0.02982,-0.33330,0.93978,0.00686,0.00074,0.02768,
1497980719075888896,0.55464,3.35851,-0.08851,0.06990,0.02875,-0.33659,0.93861,0.00498,-0.00101,0.01629,
1497980719175420672,0.55227,3.35858,-0.09101,0.07008,0.02777,-0.33748,0.93831,0.00473,0.01761,0.00936,
1497980719274977280,0.55310,3.35996,-0.08907,0.07156,0.02408,-0.34089,0.93707,0.00778,0.03002,0.02685,
1497980719374553344,0.55481,3.36289,-0.08579,0.07321,0.02109,-0.34280,0.93631,0.00737,0.03286,0.03255,
1497980719474136064,0.55578,3.36365,-0.08225,0.07445,0.02160,-0.34712,0.93461,0.00650,0.01538,0.03601,
1497980719573703424,0.54492,3.36066,-0.08039,0.07181,0.02226,-0.35237,0.93283,0.00544,0.01032,0.01432,
1497980719673260288,0.54204,3.36163,-0.07909,0.07071,0.02153,-0.35571,0.93167,0.00121,0.01032,-0.00269,
1497980719772818944,0.54526,3.36248,-0.07918,0.07113,0.02051,-0.35705,0.93115,-0.00622,0.01561,-0.01667,
1497980719872374784,0.54595,3.36247,-0.07985,0.07084,0.02018,-0.35722,0.93111,-0.01773,0.01981,-0.02245,
1497980719971920128,0.54969,3.36520,-0.07763,0.06909,0.02035,-0.35782,0.93101,-0.04603,0.02837,-0.02074,
1497980720071456000,0.55001,3.37364,-0.07614,0.06338,0.02259,-0.35813,0.93124,-0.09065,0.04217,-0.01758,
1497980720170990080,0.54494,3.37929,-0.07158,0.05278,0.02689,-0.35793,0.93187,-0.13642,0.05313,-0.00729,
1497980720270538496,0.53370,3.38812,-0.07529,0.03722,0.03395,-0.35762,0.93251,-0.17354,0.06354,-0.00459,
1497980720370081536,0.51926,3.39531,-0.07693,0.01849,0.04168,-0.35846,0.93243,-0.20997,0.05266,-0.00649,
1497980720469614592,0.50147,3.39719,-0.07610,-0.00425,0.05330,-0.36034,0.93129,-0.24619,0.03353,-0.00717,
1497980720569151488,0.48412,3.38618,-0.06995,-0.03172,0.06855,-0.36257,0.92889,-0.26513,-0.02351,-0.00334,
1497980720668677632,0.45995,3.37371,-0.06472,-0.07059,0.09166,-0.36284,0.92464,-0.27694,-0.07440,0.00475,
1497980720768198400,0.44743,3.35964,-0.06685,-0.12229,0.11530,-0.35931,0.91796,-0.25335,-0.11706,0.01630,
1497980720867727872,0.43019,3.34116,-0.06593,-0.18226,0.13978,-0.35425,0.90651,-0.21157,-0.20759,0.01506,
1497980720967275264,0.40849,3.31690,-0.06296,-0.24709,0.16767,-0.34396,0.89024,-0.17579,-0.29907,0.02076,
1497980721066818304,0.38533,3.27779,-0.04559,-0.31096,0.18901,-0.33278,0.86996,-0.14804,-0.36794,0.02331,
1497980721166345472,0.35760,3.22310,-0.02007,-0.37194,0.21336,-0.32291,0.84372,-0.13973,-0.46852,0.03635,
1497980721265884928,0.33279,3.18499,-0.02156,-0.42848,0.23306,-0.31032,0.81596,-0.16864,-0.50527,0.04337,
1497980721365406208,0.29748,3.12530,-0.00141,-0.48138,0.25282,-0.29572,0.78543,-0.19903,-0.52655,0.07681,
1497980721464935424,0.26434,3.08614,-0.01795,0.53044,-0.27321,0.28378,-0.75064,-0.15469,-0.58549,0.06159,
1497980721564443392,0.26219,3.02345,-0.00825,0.57505,-0.29657,0.27339,-0.71178,-0.09206,-0.66505,0.05639,
1497980721663967744,0.26203,2.96630,-0.01323,0.61613,-0.31422,0.26245,-0.67288,-0.03490,-0.70228,0.02931,
1497980721763497472,0.26030,2.89458,-0.01250,0.65271,-0.32860,0.24368,-0.63766,0.04799,-0.73331,0.00817,
1497980721863030272,0.27342,2.81953,-0.01064,0.68176,-0.33865,0.23083,-0.60601,0.11055,-0.71169,0.01387,
1497980721962588416,0.28695,2.76518,-0.02059,0.70722,-0.35120,0.21760,-0.57372,0.14723,-0.66603,0.00280,
1497980722062185984,0.27050,2.68469,-0.02096,0.73087,-0.36212,0.19525,-0.54459,0.16314,-0.65228,-0.01194,
1497980722161736960,0.14292,2.55523,-0.02600,0.75435,-0.37240,0.17348,-0.51204,0.12508,-0.62625,-0.00924,
1497980722261315584,0.16612,2.48824,-0.00714,0.78174,-0.37717,0.15334,-0.47235,0.15128,-0.56980,0.00613,
1497980722360872448,0.21122,2.44654,-0.00952,0.80807,-0.38152,0.13462,-0.42818,0.18129,-0.49455,0.00741,
1497980722460439296,0.21605,2.38365,0.01818,0.82964,-0.38588,0.11827,-0.38575,0.18844,-0.40616,0.01746,
1497980722559995648,0.28413,2.37504,-0.00481,0.84728,-0.39051,0.10162,-0.34538,0.22687,-0.33010,0.00638,
1497980722659569152,0.29677,2.32047,0.03420,0.86278,-0.38838,0.08726,-0.31169,0.20077,-0.26057,0.01050,
1497980722759150848,0.29998,2.29281,0.03120,0.87353,-0.38817,0.07409,-0.28422,0.19081,-0.20148,0.01563,
1497980722858723584,0.35935,2.27463,0.08604,0.88025,-0.39037,0.06570,-0.26164,0.19109,-0.16868,0.04550,
1497980722958326528,0.27289,2.23906,0.00904,0.88571,-0.38941,0.05849,-0.24587,0.10701,-0.17708,0.01619,
1497980723057916672,0.25178,2.23249,-0.01160,0.88900,-0.38938,0.05239,-0.23519,0.07618,-0.14695,0.00798,
1497980723157500160,0.26051,2.22353,-0.01182,0.89117,-0.38930,0.04817,-0.22790,0.06952,-0.13407,0.01363,
1497980723257065984,0.26511,2.21481,-0.01213,0.89261,-0.38917,0.04731,-0.22261,0.06129,-0.12784,0.01819,
1497980723356641024,0.26564,2.19806,-0.01371,0.89390,-0.38782,0.04660,-0.21993,0.05912,-0.12562,0.01813,
1497980723456227328,0.35726,2.25178,0.04083,0.89364,-0.38897,0.04699,-0.21885,0.11677,-0.05436,0.02799,
1497980723555816448,0.38309,2.32826,0.04861,0.89314,-0.39004,0.04795,-0.21879,0.12829,0.01371,0.02396,
1497980723655385600,0.43169,2.40089,0.08223,0.89292,-0.39013,0.04871,-0.21935,0.14218,0.06504,0.03252,
1497980723754958336,0.51427,2.25815,0.12970,0.89356,-0.38834,0.05078,-0.21947,0.20121,-0.02101,0.04618,
1497980723854544128,0.46232,2.32884,-0.02991,0.89356,-0.38770,0.05075,-0.22058,0.16666,0.00252,0.00570,
1497980723954128896,0.46090,2.32085,-0.02672,0.89345,-0.38731,0.05134,-0.22159,0.17039,0.00317,0.01191,
1497980724053730560,0.46254,2.30392,-0.01878,0.89308,-0.38758,0.05207,-0.22243,0.17462,-0.00085,0.01422,
1497980724153323520,0.46195,2.29350,-0.01447,0.89284,-0.38757,0.05234,-0.22336,0.17247,-0.00384,0.01343,
1497980724252915200,0.46155,2.28716,-0.01144,0.89270,-0.38754,0.05305,-0.22380,0.16660,-0.00424,0.01286,
1497980724352531456,0.45982,2.28337,-0.00972,0.89268,-0.38730,0.05267,-0.22439,0.16522,-0.00156,0.01324,
1497980724452160256,0.45828,2.28183,-0.00902,0.89249,-0.38754,0.05263,-0.22471,0.16255,-0.00340,0.01460,
1497980724551795968,0.45777,2.27972,-0.00762,0.89243,-0.38748,0.05290,-0.22500,0.15621,-0.00274,0.01552,
1497980724651415040,0.45509,2.28201,-0.00751,0.89224,-0.38779,0.05267,-0.22529,0.15113,0.00443,0.01612,
1497980724751014912,0.45200,2.28581,-0.00784,0.89177,-0.38848,0.05285,-0.22589,0.14759,0.00765,0.01259,
1497980724850613504,0.44591,2.29638,-0.01175,0.89174,-0.38812,0.05293,-0.22661,0.14045,0.01292,0.00838,
1497980724950171904,0.44438,2.30084,-0.01236,0.89195,-0.38728,0.05279,-0.22727,0.13889,0.01697,0.00915,
1497980725049725440,0.44125,2.30710,-0.01353,0.89197,-0.38691,0.05290,-0.22779,0.13431,0.01956,0.01128,
1497980725149277184,0.43730,2.31473,-0.01576,0.89191,-0.38661,0.05288,-0.22853,0.12930,0.02542,0.01441,
1497980725248829696,0.43626,2.31884,-0.01480,0.89165,-0.38675,0.05299,-0.22928,0.12865,0.02917,0.01459,
1497980725348390656,0.43317,2.32468,-0.01611,0.89163,-0.38635,0.05249,-0.23014,0.12686,0.03031,0.01043,
1497980725447970048,0.43089,2.33072,-0.01704,0.89189,-0.38539,0.05233,-0.23078,0.12683,0.03268,0.00902,
1497980725547567104,0.42888,2.33582,-0.01904,0.89226,-0.38441,0.05231,-0.23101,0.12458,0.03423,0.01225,
1497980725647156992,0.42815,2.34148,-0.01753,0.89214,-0.38454,0.05212,-0.23129,0.12155,0.03856,0.02013,
1497980725746733312,0.42718,2.34461,-0.01559,0.89202,-0.38456,0.05227,-0.23171,0.11952,0.04102,0.01949,
1497980725846312192,0.42423,2.34996,-0.01614,0.89212,-0.38433,0.05294,-0.23155,0.11619,0.04549,0.01459,
1497980725945890560,0.42213,2.35573,-0.01625,0.89252,-0.38318,0.05318,-0.23186,0.11407,0.05003,0.01107,
1497980726045476608,0.42048,2.36031,-0.01647,0.89292,-0.38198,0.05248,-0.23243,0.11475,0.05322,0.00840,
1497980726145051904,0.41949,2.36254,-0.01752,0.89335,-0.38108,0.05220,-0.23234,0.11761,0.04946,0.01381,
1497980726244636672,0.41894,2.36489,-0.01969,0.89365,-0.38076,0.05191,-0.23176,0.11850,0.04512,0.01876,
1497980726344211712,0.42023,2.36660,-0.02002,0.89388,-0.38077,0.05089,-0.23109,0.12726,0.03722,0.01662,
1497980726443779584,0.42134,2.36950,-0.02030,0.89429,-0.38038,0.05039,-0.23026,0.12839,0.03710,0.01844,
1497980726543342592,0.42240,2.37487,-0.01601,0.89416,-0.38063,0.04944,-0.23053,0.12451,0.04469,0.02252,
1497980726642883584,0.42128,2.38002,-0.01351,0.89380,-0.38146,0.04933,-0.23061,0.12136,0.04611,0.02611,
1497980726742434048,0.41952,2.38357,-0.01368,0.89375,-0.38139,0.05006,-0.23073,0.11549,0.04795,0.01978,
1497980726842003968,0.41614,2.39462,-0.01091,0.89384,-0.38069,0.05110,-0.23132,0.10572,0.05900,0.01828,
1497980726941575680,0.41267,2.40339,-0.01005,0.89359,-0.38042,0.05155,-0.23265,0.09591,0.06804,0.01692,
1497980727041165824,0.41178,2.40315,-0.01449,0.89340,-0.38005,0.05145,-0.23401,0.08711,0.06096,0.01405,
1497980727140741632,0.41130,2.40669,-0.01398,0.89371,-0.37881,0.05212,-0.23467,0.08456,0.05791,0.01217,
1497980727240316672,0.40942,2.41313,-0.01508,0.89435,-0.37701,0.05245,-0.23505,0.07797,0.05313,0.01415,
1497980727339877888,0.40744,2.42113,-0.01397,0.89495,-0.37580,0.05261,-0.23468,0.08328,0.04591,0.01723,
1497980727439436800,0.40578,2.42525,-0.01659,0.89521,-0.37612,0.05203,-0.23328,0.09253,0.02008,0.01317,
1497980727539005184,0.39938,2.44268,-0.01952,0.89521,-0.37669,0.05112,-0.23256,0.10293,-0.00522,0.00216,
1497980727638543104,0.39458,2.46656,-0.01013,0.89499,-0.37634,0.04937,-0.23435,0.12452,-0.03025,-0.00675,
1497980727738105600,0.46382,2.39129,0.08585,0.89565,-0.37411,0.04710,-0.23585,0.15869,-0.08301,0.00508,
1497980727837638400,2.37850,1.84645,0.20816,0.89663,-0.37437,0.04586,-0.23193,0.67201,-0.29503,0.01369,
1497980727937190656,2.16184,1.64757,0.25716,0.90050,-0.36964,0.03806,-0.22587,0.59019,-0.37988,0.01820,
1497980728036748288,2.28560,2.38547,0.21089,0.90505,-0.36624,0.03230,-0.21380,0.57949,-0.29143,0.01096,
1497980728136315648,2.00140,1.65114,0.24038,0.91043,-0.36195,0.02674,-0.19848,0.49180,-0.48724,0.01230,
1497980728235907328,2.19020,1.47594,0.26230,0.91349,-0.36237,0.01905,-0.18400,0.49324,-0.60494,0.02891,
1497980728335487232,2.23835,1.41096,0.26751,0.91442,-0.36836,0.01124,-0.16741,0.47353,-0.68751,0.07656,
1497980728435075584,2.28619,1.33919,0.27817,0.91537,-0.37373,0.00700,-0.14960,0.47281,-0.70295,0.13493,
1497980728534682880,2.33417,1.27115,0.29289,0.91732,-0.37481,0.00542,-0.13422,0.48352,-0.64598,0.15698,
1497980728634266880,2.38292,1.21187,0.30833,0.91826,-0.37612,0.00202,-0.12383,0.49654,-0.54822,0.14769,
1497980728733827328,2.43267,1.15992,0.32136,0.91811,-0.37878,-0.00083,-0.11664,0.50427,-0.50091,0.10133,
1497980728833375232,2.48385,1.11134,0.32889,0.91970,-0.37642,-0.00270,-0.11162,0.52624,-0.47300,0.05402,
1497980728932935168,2.53807,1.06390,0.33321,0.92194,-0.37201,-0.00134,-0.10784,0.55707,-0.48547,0.03763,
1497980729032498944,2.59430,1.01334,0.33716,0.92359,-0.36890,-0.00051,-0.10437,0.56747,-0.52787,0.04779,
1497980729132067072,3.33919,2.79923,0.17353,0.92247,-0.37180,0.00157,-0.10396,0.72014,-0.13373,0.06101,
1497980729231631616,3.66459,2.64458,0.16788,0.91988,-0.37818,0.00364,-0.10384,0.80609,-0.19993,0.10131,
1497980729331183104,3.88977,2.36443,0.19723,0.92017,-0.37825,0.00277,-0.10106,0.87843,-0.26280,0.11914,
1497980729430726912,3.65971,2.01107,0.24733,0.91990,-0.38004,0.00287,-0.09664,0.81622,-0.28296,0.12299,
1497980729530273024,3.61935,1.92323,0.32552,0.91850,-0.38378,0.00099,-0.09529,0.79815,-0.22258,0.12342,
1497980729629810688,3.78699,1.83379,0.32220,0.91835,-0.38595,-0.00187,-0.08757,0.81032,-0.22593,0.09962,
1497980729729356032,3.92941,1.26466,0.10318,0.91959,-0.38468,-0.00253,-0.07981,0.81757,-0.36042,0.01593,
1497980729828905472,3.98967,1.37984,0.12247,0.92132,-0.38193,-0.00630,-0.07254,0.79345,-0.34017,-0.01751,
1497980729928451840,4.23145,1.63084,0.14723,0.92257,-0.38077,-0.01278,-0.06098,0.81070,-0.30237,0.01008,
1497980730028003584,4.30768,1.71093,0.11131,0.92082,-0.38650,-0.01588,-0.04963,0.76010,-0.32240,0.05112,
1497980730127563520,4.78087,1.68185,0.21865,0.91944,-0.39069,-0.02208,-0.03872,0.84485,-0.31591,0.09545,
1497980730227118848,4.34171,1.76422,0.22535,0.92088,-0.38780,-0.02553,-0.03059,0.75027,-0.22147,0.09998,
1497980730326659328,4.65955,1.56069,0.30664,0.91904,-0.39268,-0.02963,-0.01693,0.83958,-0.20425,0.08924,
1497980730426210048,4.11618,1.75103,0.37061,0.91955,-0.39175,-0.03000,-0.00766,0.75527,-0.07492,0.08280,
1497980730525755648,4.10559,1.83387,0.37010,0.92131,-0.38754,-0.03071,-0.00690,0.75766,-0.03239,0.06325,
1497980730625285376,4.21664,1.89162,0.37521,0.92252,-0.38412,-0.03726,-0.00400,0.81232,0.00151,0.05020,
1497980730724831232,4.21053,2.07790,0.35662,0.92459,-0.37902,-0.03815,-0.00461,0.83787,0.02703,0.04078,
1497980730824409088,4.33348,2.24699,0.35814,0.92550,-0.37668,-0.03918,-0.00477,0.87646,0.03785,0.04381,
1497980730923935744,4.34743,2.35111,0.36116,0.92584,-0.37618,-0.03530,-0.00755,0.86500,0.03325,0.07294,
1497980731023496704,4.42059,2.33185,0.38406,0.92429,-0.38013,-0.03070,-0.01588,0.87055,-0.00049,0.11469,
1497980731123057920,4.50382,2.07836,0.42237,0.92279,-0.38335,-0.02937,-0.02529,0.88439,-0.03161,0.13324,
1497980731222632704,4.96746,1.34002,0.45937,0.92164,-0.38576,-0.02478,-0.03399,0.96696,-0.10450,0.12610,
1497980731322205696,4.73078,1.38515,0.47321,0.92061,-0.38711,-0.02418,-0.04517,0.90054,-0.02799,0.09470,
1497980731421773312,5.20124,1.18474,0.48520,0.92025,-0.38682,-0.02233,-0.05492,0.95609,-0.02111,0.07795,
1497980731521355264,4.83789,1.14826,0.50795,0.92088,-0.38476,-0.02023,-0.05946,0.85611,0.01260,0.08311,
1497980731620913920,5.07661,1.05924,0.52546,0.92252,-0.38108,-0.02117,-0.05727,0.86846,-0.00505,0.09837,
1497980731720437248,5.17061,1.06626,0.53397,0.92229,-0.38178,-0.02050,-0.05660,0.85401,0.01627,0.10400,
1497980731819960064,5.29758,1.03435,0.54505,0.92195,-0.38291,-0.02085,-0.05432,0.85333,0.03396,0.11017,
1497980731919501056,5.42579,0.98362,0.55674,0.92204,-0.38288,-0.02512,-0.05115,0.87005,0.01140,0.10623,
1497980732019031040,5.28946,0.71701,0.59273,0.92289,-0.38091,-0.02148,-0.05225,0.86242,-0.03108,0.11019,
1497980732118549248,5.32217,0.74610,0.60176,0.92301,-0.38018,-0.01406,-0.05755,0.88350,-0.01995,0.13432,
1497980732218055168,7.17971,-0.34188,0.44481,0.92105,-0.38430,-0.01838,-0.06028,1.21812,-0.22309,0.09949,
1497980732317577216,6.60858,-0.01384,0.38319,0.91962,-0.38541,-0.04018,-0.06440,1.07216,-0.12891,0.05616,
1497980732417100544,6.59217,0.02090,0.35775,0.91938,-0.38236,-0.06067,-0.06972,1.03911,-0.11510,0.04364,
1497980732516634112,6.90275,-0.08350,0.40490,0.92083,-0.37804,-0.06749,-0.06789,1.08688,-0.12781,0.05223,
1497980732616168448,7.32229,-0.25622,0.39942,0.92330,-0.37438,-0.06233,-0.05894,1.13697,-0.15286,0.05140,
1497980732715718656,7.62961,-0.39997,0.39469,0.92475,-0.37254,-0.05813,-0.05180,1.17121,-0.18668,0.04258,
1497980732815282944,7.45676,0.12245,0.51558,0.92585,-0.36996,-0.05956,-0.04881,1.09154,-0.03526,0.08501,
1497980732914837504,7.80375,-0.00369,0.51493,0.92746,-0.36701,-0.05392,-0.04712,1.20030,-0.07285,0.10061,
1497980733014376448,7.42984,0.39949,0.56463,0.92987,-0.36300,-0.03829,-0.04593,1.10427,0.05308,0.13032,
1497980733113921536,7.60085,0.36695,0.57194,0.93002,-0.36361,-0.02519,-0.04710,1.17082,0.03813,0.13988,
1497980733213477120,7.63557,0.42243,0.60010,0.92740,-0.36960,-0.02150,-0.05356,1.10949,0.08505,0.15515,
1497980733313011456,7.79235,0.40449,0.61430,0.92531,-0.37407,-0.01888,-0.05936,1.16287,0.05524,0.15690,
1497980733412575232,7.89545,0.41472,0.62657,0.92346,-0.37825,-0.01613,-0.06232,1.16786,0.04826,0.15413,
1497980733512143616,7.76385,0.58189,0.65896,0.92127,-0.38246,-0.02384,-0.06650,0.96126,0.17462,0.15484,
1497980733611698944,7.92498,0.55803,0.66769,0.91931,-0.38514,-0.03792,-0.07139,1.00075,0.14079,0.14142,
1497980733711214336,8.20315,0.45113,0.67011,0.91859,-0.38577,-0.04448,-0.07346,1.13429,0.05132,0.13157,
1497980733810724096,8.30713,0.46206,0.68236,0.91865,-0.38560,-0.04556,-0.07299,1.12745,0.05977,0.12572,
1497980733910221312,8.44743,0.44940,0.69427,0.91872,-0.38536,-0.04612,-0.07294,1.15390,0.04861,0.12522,
1497980734009741056,8.52382,0.48232,0.71110,0.91855,-0.38580,-0.04584,-0.07292,1.13301,0.06482,0.12702,
1497980734109250048,8.67845,0.45825,0.71895,0.91919,-0.38453,-0.04585,-0.07164,1.15760,0.03858,0.11217,
1497980734208757760,8.80024,0.45722,0.72901,0.92059,-0.38086,-0.04796,-0.07181,1.16102,0.02952,0.09602,
1497980734308246784,9.00914,0.38819,0.72264,0.92341,-0.37370,-0.04807,-0.07323,1.24031,-0.01373,0.08787,
1497980734407744000,9.04784,0.45605,0.74811,0.92614,-0.36756,-0.04158,-0.07377,1.22946,0.02941,0.11021,
1497980734507256320,9.10845,0.51514,0.76554,0.92789,-0.36435,-0.03151,-0.07264,1.21759,0.06626,0.12570,
1497980734606777088,9.33498,0.43728,0.76440,0.92852,-0.36311,-0.02611,-0.07294,1.30425,0.01075,0.12800,
1497980734706287616,9.43593,0.46266,0.78684,0.92746,-0.36580,-0.02318,-0.07394,1.30454,0.01986,0.15275,
1497980734805820672,9.56211,0.46824,0.80294,0.92568,-0.37045,-0.01793,-0.07464,1.32254,0.01831,0.16704,
1497980734905344256,9.68278,0.48482,0.82117,0.92440,-0.37375,-0.01144,-0.07529,1.33576,0.02320,0.16315,
1497980735004865024,9.87851,0.36722,0.83457,0.92266,-0.37750,-0.01527,-0.07724,1.36989,-0.05278,0.14723,
1497980735104375040,9.75679,0.41255,0.88626,0.92190,-0.37862,-0.02553,-0.07810,1.20043,-0.04164,0.15784,
1497980735203890688,10.17190,0.26493,0.85810,0.92294,-0.37629,-0.02911,-0.07582,1.35511,-0.11687,0.12372,
1497980735303420160,10.26565,0.28242,0.87154,0.92386,-0.37412,-0.03306,-0.07357,1.31182,-0.08072,0.13560,
1497980735402967808,10.42197,0.28294,0.88391,0.92286,-0.37710,-0.03342,-0.07077,1.31883,-0.07169,0.14558,
1497980735502536448,10.58891,0.21784,0.89529,0.92253,-0.37870,-0.03039,-0.06778,1.33690,-0.11576,0.13569,
1497980735602106368,10.71293,0.30323,0.90947,0.92324,-0.37740,-0.02786,-0.06648,1.33749,-0.06435,0.12731,
1497980735701680384,10.84868,0.29755,0.92036,0.92436,-0.37482,-0.02549,-0.06649,1.34634,-0.06231,0.13280,
1497980735801238272,10.94635,0.36813,0.93743,0.92435,-0.37485,-0.02388,-0.06708,1.33762,-0.02069,0.14341,
1497980735900826624,11.09369,0.35168,0.95103,0.92399,-0.37560,-0.02304,-0.06806,1.35093,-0.03508,0.14562,
1497980736000418048,11.23636,0.33281,0.96473,0.92395,-0.37559,-0.02227,-0.06893,1.36317,-0.05303,0.14424,
1497980736099986176,11.36632,0.34144,0.97913,0.92434,-0.37453,-0.02142,-0.06968,1.37213,-0.05058,0.13838,
1497980736199557888,11.48025,0.38781,0.99571,0.92443,-0.37420,-0.02139,-0.07030,1.37027,-0.03176,0.14174,
1497980736299117824,11.61522,0.39170,1.00998,0.92463,-0.37355,-0.02137,-0.07120,1.37452,-0.03416,0.14162,
1497980736398692864,11.74934,0.39954,1.02452,0.92492,-0.37261,-0.02245,-0.07201,1.37989,-0.03334,0.14493,
1497980736498230528,11.86900,0.37094,1.03796,0.92458,-0.37331,-0.02291,-0.07257,1.37777,-0.05061,0.15142,
1497980736597771264,12.00606,0.36626,1.05330,0.92404,-0.37467,-0.02260,-0.07253,1.38522,-0.05593,0.15915,
1497980736697305088,12.13695,0.37700,1.07014,0.92342,-0.37632,-0.02264,-0.07192,1.39119,-0.05482,0.16254,
1497980736796833536,12.27009,0.38141,1.08651,0.92345,-0.37645,-0.02205,-0.07103,1.39768,-0.05469,0.15620,
1497980736896357120,12.41097,0.36964,1.10108,0.92424,-0.37459,-0.02265,-0.07033,1.40584,-0.06192,0.14551,
1497980736995902720,12.55822,0.35312,1.11497,0.92465,-0.37351,-0.02446,-0.07013,1.41278,-0.06357,0.14806,
1497980737095468544,12.72666,0.31863,1.12849,0.92412,-0.37500,-0.02500,-0.06888,1.42751,-0.07545,0.15807,
1497980737195041536,12.88011,0.30037,1.14356,0.92362,-0.37658,-0.02449,-0.06722,1.43441,-0.08195,0.15918,
1497980737294630144,13.01946,0.30301,1.15953,0.92300,-0.37803,-0.02601,-0.06698,1.43516,-0.07991,0.15850,
1497980737394188032,13.15950,0.31961,1.17614,0.92177,-0.38075,-0.02793,-0.06774,1.43627,-0.06944,0.16105,
1497980737493728512,13.29932,0.32634,1.19254,0.91967,-0.38588,-0.02680,-0.06770,1.44278,-0.06832,0.16311,
1497980737593263104,13.00859,-0.41154,1.17563,0.91877,-0.38843,-0.02385,-0.06641,1.29223,-0.35704,0.15344,
1497980737692797952,13.48485,0.61079,1.25622,0.91404,-0.40004,-0.01910,-0.06427,1.42346,0.05200,0.17661,
1497980737792361728,13.74607,0.20021,1.24058,0.90986,-0.41024,-0.01586,-0.06013,1.46110,-0.08782,0.16277,
1497980737891922688,13.74535,0.70940,1.30539,0.90892,-0.41225,-0.02324,-0.05813,1.42480,0.09718,0.14083,
1497980737991493120,13.54947,-0.75105,1.16085,0.91454,-0.39904,-0.03348,-0.05715,1.30002,-0.49229,0.08154,
1497980738091062528,12.49519,1.58128,1.36966,0.91728,-0.39482,-0.02442,-0.04604,0.90724,0.40191,0.18107,
1497980738190649088,10.12164,1.67895,0.95601,0.91762,-0.39619,-0.00866,-0.03054,0.07225,0.38294,0.06248,
1497980738290227200,9.99675,1.41784,0.95701,0.91588,-0.40083,0.00208,-0.02232,-0.00750,0.27481,0.04749,
1497980738389790720,10.01481,1.51603,1.00049,0.91527,-0.40217,-0.00062,-0.02320,-0.04197,0.31501,0.04932,
1497980738489348096,9.99863,1.61682,0.99174,0.91317,-0.40687,-0.00188,-0.02378,-0.04441,0.34466,0.05827,
1497980738588919552,9.92675,1.74225,1.16746,0.91219,-0.40910,0.00007,-0.02356,-0.10539,0.39184,0.16658,
1497980738688490752,9.91298,1.79044,1.17903,0.91327,-0.40641,0.00983,-0.02578,-0.12763,0.39657,0.14662,
1497980738788065024,9.87967,1.78975,1.17619,0.91548,-0.40129,0.01471,-0.02546,-0.12312,0.34719,0.11598,
1497980738887640064,9.89832,1.67394,1.12842,0.91682,-0.39842,0.01423,-0.02242,-0.07551,0.22222,0.09339,
1497980738987207680,9.90684,1.62955,1.11036,0.91794,-0.39586,0.01733,-0.01940,-0.06381,0.18070,0.10106,
1497980739086741248,9.88334,1.70564,1.14861,0.91985,-0.39114,0.02454,-0.01655,-0.08191,0.21902,0.12147,
1497980739186279424,9.81869,1.87519,1.19107,0.92101,-0.38826,0.02866,-0.01284,-0.15294,0.30819,0.13839,
1497980739285830656,9.78856,1.93068,1.22046,0.92102,-0.38804,0.03245,-0.01018,-0.19029,0.31856,0.14615,
1497980739385381632,9.79011,1.86353,1.20116,0.92223,-0.38498,0.03444,-0.00938,-0.19469,0.24866,0.12059,
1497980739484921088,9.74047,1.55896,1.05334,0.92461,-0.37921,0.03542,-0.00622,-0.19645,0.05497,0.03033,
1497980739584485632,9.66967,1.64972,1.13105,0.92614,-0.37534,0.03663,-0.00598,-0.23995,0.11197,0.07579,
1497980739684045568,9.85867,1.54319,1.18725,0.92434,-0.37921,0.04190,-0.00574,-0.07331,0.02466,0.10195,
1497980739783604736,9.93135,1.40182,1.01628,0.92031,-0.38941,0.03701,-0.00420,-0.00509,-0.02449,-0.00879,
1497980739883160832,9.93571,1.39477,1.01184,0.91839,-0.39436,0.03205,-0.00459,-0.00951,-0.01556,-0.01481,
1497980739982719488,9.92614,1.39559,1.00944,0.91868,-0.39350,0.03401,-0.00475,-0.01029,-0.02513,-0.01500,
1497980740082280448,9.92789,1.39837,1.01702,0.91920,-0.39167,0.04047,-0.00499,-0.01614,-0.00476,-0.00506,
1497980740181829888,9.92821,1.39602,1.01693,0.91902,-0.39136,0.04675,-0.00691,-0.01830,-0.00275,-0.01047,
1497980740281359872,9.92547,1.36889,0.99094,0.91927,-0.39059,0.04746,-0.01122,-0.02276,-0.03952,-0.03249,
1497980740380888576,9.90193,1.39540,1.05779,0.92138,-0.38550,0.04694,-0.01580,-0.06358,-0.08291,0.00538,
1497980740480408064,9.90767,1.38314,1.07764,0.92251,-0.38223,0.05061,-0.01751,-0.06784,-0.09023,0.01202,
1497980740579957760,9.80296,1.45151,1.19320,0.92291,-0.38116,0.05084,-0.01941,-0.11941,-0.07080,0.04919,
1497980740679517184,9.65092,2.12733,1.44814,0.92388,-0.37919,0.04640,-0.02229,-0.21823,0.22209,0.14423,
1497980740779099136,9.72428,2.33856,1.50849,0.92409,-0.37874,0.04564,-0.02308,-0.17583,0.30559,0.16560,
1497980740878680064,9.51680,2.45417,1.48104,0.92442,-0.37807,0.04329,-0.02528,-0.28556,0.34295,0.15856,
1497980740978271744,9.48437,2.46441,1.49210,0.92499,-0.37658,0.04310,-0.02696,-0.29333,0.33243,0.15886,
1497980741077852160,9.44321,2.47994,1.50204,0.92579,-0.37452,0.04288,-0.02834,-0.30695,0.32494,0.15481,
1497980741177444096,9.41126,2.55867,1.51359,0.92585,-0.37405,0.04391,-0.03100,-0.32132,0.34351,0.15498,
1497980741277008384,9.28456,2.11759,1.19458,0.92638,-0.37273,0.04381,-0.03124,-0.36551,0.17776,0.03570,
1497980741376569600,9.40369,1.94994,1.09736,0.92662,-0.37179,0.04505,-0.03353,-0.29270,0.10211,0.00003,
1497980741476115712,9.41986,1.96137,1.10395,0.92692,-0.37107,0.04377,-0.03492,-0.27583,0.07772,0.00324,
1497980741575667200,9.41922,2.00118,1.15038,0.92805,-0.36887,0.03950,-0.03317,-0.26325,0.06442,0.02326,
1497980741675220736,9.25108,2.21066,1.30229,0.92733,-0.37114,0.03591,-0.03204,-0.32937,0.13341,0.06363,
1497980741774767104,9.14514,2.38962,1.41809,0.92734,-0.37149,0.03244,-0.03153,-0.37812,0.18666,0.10393,
1497980741874293760,9.50721,1.87486,1.17842,0.92799,-0.37001,0.03343,-0.02835,-0.20332,-0.01763,0.01450,
1497980741973821440,9.79413,1.70381,1.11539,0.92932,-0.36733,0.02962,-0.02363,-0.05803,-0.06223,-0.02381,
1497980742073344512,9.81693,1.64089,1.05942,0.93057,-0.36496,0.02044,-0.02048,-0.04352,-0.06851,-0.03443,
1497980742172891136,9.87689,1.61028,1.07013,0.92930,-0.36876,0.00990,-0.01819,-0.01642,-0.02979,0.00503,
1497980742272434432,9.88788,1.60357,1.06916,0.92685,-0.37506,0.00153,-0.01657,-0.00257,-0.00785,0.00069,
1497980742371986176,9.88461,1.60530,1.06680,0.92580,-0.37753,-0.01167,-0.01530,-0.00414,-0.00991,-0.03604,
1497980742471546368,9.90338,1.60274,1.06249,0.92497,-0.37886,-0.02467,-0.01701,-0.01558,-0.00833,-0.06237,
1497980742571096320,9.91627,1.60789,1.06211,0.92498,-0.37794,-0.03499,-0.01864,-0.02044,0.00464,-0.04902,
1497980742670635776,9.91455,1.61171,1.06033,0.92563,-0.37561,-0.04075,-0.02141,-0.02002,0.01107,-0.02397,
1497980742770185728,9.91384,1.61404,1.05952,0.92621,-0.37415,-0.03953,-0.02404,-0.01165,0.01945,-0.01007,
1497980742869738752,9.91468,1.61767,1.06029,0.92757,-0.37112,-0.03650,-0.02362,-0.00989,0.01669,-0.00630,
1497980742969295616,9.91367,1.61942,1.05861,0.92854,-0.36896,-0.03287,-0.02449,-0.00908,0.02277,0.00107,
1497980743068849920,9.91014,1.61687,1.05348,0.92906,-0.36788,-0.02911,-0.02567,-0.01049,0.02042,0.00092,
1497980743168395008,9.90931,1.61654,1.05248,0.92997,-0.36580,-0.02502,-0.02680,-0.00730,0.01843,0.00208,
1497980743267937280,9.90937,1.61601,1.05178,0.93124,-0.36284,-0.02114,-0.02633,-0.00620,0.01848,-0.00294,
1497980743367482368,9.91011,1.61561,1.05305,0.93283,-0.35908,-0.01667,-0.02493,-0.00469,0.01753,0.00556,
1497980743467017472,9.91206,1.61640,1.05594,0.93418,-0.35590,-0.00980,-0.02336,0.00111,0.01074,0.01464,
1497980743566546432,9.91217,1.61546,1.05527,0.93455,-0.35522,-0.00140,-0.02065,0.00806,0.00965,0.01712,
1497980743666100992,9.91386,1.61499,1.05854,0.93438,-0.35581,0.00529,-0.01740,0.01126,0.00492,0.01654,
1497980743765678080,9.91418,1.61353,1.05740,0.93481,-0.35467,0.01036,-0.01516,0.00158,-0.00030,0.00644,
1497980743865249792,9.91480,1.61189,1.05749,0.93551,-0.35267,0.01627,-0.01375,0.00396,0.00189,0.01139,
1497980743964817152,9.91444,1.60957,1.05733,0.93504,-0.35350,0.02428,-0.01205,0.00310,-0.00792,0.01631,
1497980744064371968,9.91446,1.60778,1.05750,0.93355,-0.35703,0.02993,-0.01110,0.00362,-0.01377,0.01932,
1497980744163918848,9.91346,1.60523,1.05574,0.93264,-0.35908,0.03312,-0.01207,-0.00628,-0.01473,-0.00696,
1497980744263463168,9.91245,1.60451,1.05571,0.93291,-0.35794,0.03729,-0.01312,-0.01057,-0.01412,-0.01721,
1497980744363028224,9.91171,1.60433,1.05604,0.93412,-0.35409,0.04250,-0.01531,-0.00362,-0.01330,-0.00708,
1497980744462593024,9.91213,1.60391,1.05669,0.93476,-0.35169,0.04748,-0.01659,0.00762,-0.01726,-0.00124,
1497980744562133504,9.91250,1.60055,1.05416,0.93493,-0.35080,0.05054,-0.01702,0.00973,-0.02653,-0.01527,
1497980744661664768,9.91238,1.59810,1.05186,0.93542,-0.34926,0.05184,-0.01797,0.00471,-0.01944,-0.01711,
1497980744761191680,9.91265,1.59813,1.05086,0.93578,-0.34790,0.05346,-0.02076,0.00450,-0.01662,-0.01630,
1497980744860730368,9.91266,1.59653,1.04885,0.93545,-0.34862,0.05309,-0.02398,0.00481,-0.02048,-0.02235,
1497980744960255744,9.91255,1.59799,1.04808,0.93504,-0.34993,0.04994,-0.02760,0.00306,-0.01948,-0.02877,
1497980745059779840,9.91429,1.60091,1.05042,0.93487,-0.35066,0.04585,-0.03071,0.00313,-0.01355,-0.02292,
1497980745159302912,9.91518,1.60317,1.05222,0.93476,-0.35099,0.04414,-0.03277,0.00354,-0.00927,-0.01171,
1497980745258824960,9.91544,1.60409,1.05305,0.93477,-0.35096,0.04342,-0.03391,0.00185,-0.00335,-0.00617,
1497980745358348288,9.91540,1.60513,1.05344,0.93444,-0.35170,0.04308,-0.03583,-0.00024,0.00502,-0.00969,
1497980745457885440,9.91493,1.60596,1.05242,0.93430,-0.35199,0.04048,-0.03928,-0.00896,0.00903,-0.01184,
1497980745557440000,9.91410,1.60688,1.05136,0.93425,-0.35189,0.03799,-0.04366,-0.01255,0.01259,-0.01233,
1497980745656996608,9.91341,1.60828,1.05108,0.93431,-0.35128,0.03781,-0.04739,-0.01184,0.01478,-0.00044,
1497980745756543488,9.91384,1.61041,1.05368,0.93385,-0.35216,0.03908,-0.04872,-0.00336,0.01155,0.01161,
1497980745856057856,9.91387,1.61083,1.05399,0.93325,-0.35349,0.03915,-0.05047,-0.00075,0.00851,0.00229,
1497980745955561472,9.91389,1.61123,1.05362,0.93324,-0.35340,0.03785,-0.05228,-0.00069,0.00865,-0.00733,
1497980746055092224,9.91388,1.61154,1.05297,0.93390,-0.35157,0.03658,-0.05383,0.00150,0.00688,-0.00832,
1497980746154640128,9.91393,1.61211,1.05258,0.93507,-0.34839,0.03571,-0.05468,0.00033,0.00489,-0.00753,
1497980746254190336,9.91397,1.61244,1.05276,0.93636,-0.34486,0.03584,-0.05495,0.00260,0.00488,0.00072,
1497980746353715456,9.91446,1.61285,1.05349,0.93715,-0.34259,0.03642,-0.05521,0.00442,0.00555,0.00271,
1497980746453247744,9.91487,1.61357,1.05433,0.93726,-0.34205,0.03700,-0.05626,0.00212,0.00693,0.00799,
1497980746552770304,9.91475,1.61368,1.05439,0.93685,-0.34301,0.03672,-0.05742,0.00207,0.00356,0.00664,
1497980746652284160,9.91453,1.61336,1.05389,0.93646,-0.34404,0.03550,-0.05843,0.00340,0.00129,0.00134,
1497980746751800576,9.91442,1.61325,1.05348,0.93641,-0.34413,0.03492,-0.05913,0.00206,0.00253,0.00162,
1497980746851312128,9.91424,1.61311,1.05331,0.93653,-0.34371,0.03574,-0.05913,0.00028,-0.00158,0.00249,
1497980746950851072,9.91355,1.61272,1.05291,0.93671,-0.34306,0.03665,-0.05955,-0.00231,-0.00101,0.00315,
1497980747050384640,9.91248,1.61240,1.05231,0.93661,-0.34299,0.03751,-0.06089,-0.00380,-0.00133,0.00261,
1497980747149899520,9.91108,1.61155,1.05130,0.93666,-0.34276,0.03722,-0.06170,-0.00473,-0.00626,-0.00066,
1497980747249409792,9.90988,1.61067,1.05069,0.93679,-0.34224,0.03789,-0.06207,-0.00484,-0.00378,0.00407,
1497980747348911104,9.90869,1.60983,1.05025,0.93699,-0.34133,0.04034,-0.06260,-0.00808,-0.00576,0.00671,
1497980747448415488,9.90733,1.60927,1.05001,0.93698,-0.34080,0.04267,-0.06405,-0.00554,-0.00570,0.00543,
1497980747547931392,9.90665,1.60839,1.04941,0.93644,-0.34217,0.04232,-0.06481,-0.00320,-0.00071,-0.00813,
1497980747647452672,9.90579,1.60819,1.04860,0.93619,-0.34267,0.04119,-0.06659,-0.00779,-0.00191,-0.00867,
1497980747746972672,9.90479,1.60877,1.04907,0.93609,-0.34250,0.04157,-0.06862,-0.01118,0.00022,-0.00431,
1497980747846478848,9.90361,1.60839,1.04788,0.93652,-0.34075,0.04286,-0.07057,-0.00817,-0.00075,-0.00685,
1497980747945991168,9.90287,1.60976,1.04962,0.93691,-0.33926,0.04487,-0.07133,-0.00877,0.00022,-0.00033,
1497980748045515008,9.90221,1.61079,1.05074,0.93715,-0.33816,0.04653,-0.07235,-0.00394,0.00222,0.00324,
1497980748145017600,9.90159,1.61150,1.05100,0.93721,-0.33785,0.04595,-0.07333,-0.00147,0.00218,-0.00340,
1497980748244540416,9.90116,1.61214,1.05120,0.93738,-0.33753,0.04391,-0.07388,-0.00209,0.00018,-0.00921,
1497980748344082944,9.90103,1.61311,1.05174,0.93772,-0.33656,0.04265,-0.07476,-0.00634,0.00021,-0.00880,
1497980748443605504,9.90023,1.61265,1.04988,0.93824,-0.33496,0.04186,-0.07583,-0.00941,0.00235,-0.00600,
1497980748543140352,9.89994,1.61164,1.04723,0.93897,-0.33288,0.04121,-0.07636,-0.00727,0.00209,-0.00435,
1497980748642659840,9.89984,1.61171,1.04652,0.93951,-0.33146,0.04137,-0.07584,-0.00770,0.00379,0.00409,
1497980748742181376,9.89983,1.61187,1.04647,0.93939,-0.33182,0.04276,-0.07492,-0.00996,0.00728,0.01041,
1497980748841707776,9.89941,1.61201,1.04624,0.93915,-0.33255,0.04289,-0.07458,-0.01122,0.01047,0.00729,
1497980748941210368,9.89907,1.61242,1.04605,0.93911,-0.33270,0.04225,-0.07481,-0.01120,0.01175,-0.00216,
1497980749040716288,9.89857,1.61218,1.04461,0.93953,-0.33160,0.04125,-0.07496,-0.01135,0.01403,0.00038,
1497980749140211456,9.89835,1.61168,1.04422,0.93964,-0.33129,0.04166,-0.07480,-0.01206,0.01362,0.01070,
1497980749239708672,9.89855,1.61148,1.04510,0.93934,-0.33215,0.04195,-0.07454,-0.01067,0.01572,0.00719,
1497980749339192064,9.89877,1.61197,1.04584,0.93876,-0.33365,0.04244,-0.07489,-0.00836,0.02236,0.00420,
1497980749438663936,9.89859,1.61255,1.04623,0.93818,-0.33503,0.04240,-0.07598,-0.01079,0.02095,0.00695,
1497980749538176000,9.89813,1.61289,1.04715,0.93791,-0.33558,0.04287,-0.07665,-0.01302,0.02015,0.00692,
1497980749637670400,9.89762,1.61306,1.04849,0.93813,-0.33473,0.04394,-0.07707,-0.01111,0.01693,0.01105,
1497980749737153792,9.89768,1.61291,1.05020,0.93810,-0.33461,0.04578,-0.07687,-0.00446,0.01919,0.01773,
1497980749836636416,9.89819,1.61409,1.05107,0.93763,-0.33583,0.04682,-0.07664,-0.00575,0.03077,0.01203,
1497980749936122368,9.89912,1.61646,1.05267,0.93692,-0.33769,0.04637,-0.07739,-0.00469,0.03441,0.00989,
1497980750035613952,9.89948,1.61883,1.05435,0.93623,-0.33973,0.04461,-0.07795,-0.00291,0.02324,0.00843,
1497980750135086592,9.90040,1.61914,1.05528,0.93597,-0.34074,0.04247,-0.07782,0.00225,0.01774,0.00551,
1497980750234577408,9.90147,1.61945,1.05604,0.93576,-0.34148,0.04173,-0.07755,0.00257,0.01900,0.00467,
1497980750334075392,9.90230,1.61966,1.05699,0.93569,-0.34169,0.04137,-0.07763,0.00174,0.01630,0.00597,
1497980750433602560,9.90291,1.61929,1.05696,0.93592,-0.34129,0.04034,-0.07712,0.00431,0.01269,-0.00594,
1497980750533132800,9.90389,1.61949,1.05717,0.93631,-0.34054,0.03761,-0.07712,0.00440,0.00571,-0.00925,
1497980750632633856,9.90502,1.61936,1.05784,0.93649,-0.34031,0.03470,-0.07720,0.00371,0.00367,0.00036,
1497980750732137216,9.90569,1.61943,1.05821,0.93640,-0.34072,0.03402,-0.07684,0.00329,0.00758,0.00046,
1497980750831658752,9.90611,1.61958,1.05840,0.93664,-0.34015,0.03313,-0.07689,0.00182,0.00039,-0.00997,
1497980750931176448,9.90587,1.61898,1.05645,0.93699,-0.33932,0.03096,-0.07720,0.00241,0.00450,-0.00826,
1497980751030688768,9.90282,1.61617,1.05259,0.93714,-0.33887,0.03110,-0.07721,0.00012,0.00219,0.00484,
1497980751130205440,9.90191,1.61557,1.05157,0.93740,-0.33784,0.03240,-0.07813,-0.00016,-0.00249,0.00564,
1497980751229728768,9.90121,1.61429,1.05000,0.93757,-0.33723,0.03410,-0.07797,0.00641,-0.00108,0.01200,
